{
    "visionpro":[
       {
            "id":"i1", 
            "name":"APPLE VISION PRO",
            "color":["Black,White"],
            "price":"$5,999",
            "pg":"Price",
            "description":"IOS 15th Gen  || Apple Vision an infinite canvas that transforms how you use the apps || Apple Vision Pro can transform any room into your own personal theater.",
            "Image":"/assets/image/avp1.png"
                    
       },
       {
            "id":"i2", 
            "name":"APPLE VISION X",
            "color":["Black,Gray"],
            "price":"$2,550",
            "pg":"Price",
            "description":"IOS 16th Gen  || Apple Vision arrange apps anywhere and scale them to the perfect size. More pixels than a 4K TV for each eye ",
            "Image":"/assets/image/avp2.jpeg"
                    
       },
       {
            "id":"i3",
            "name":"IHEADSET XS",
            "color":["Black,Gray,Blue"],
            "price":"$999",
            "pg":"Price",
            "description":"iHEADSET XS || Digital Enhanced Cordless Telecommunications || microphone on a bracket allow only for mono audio",
            "Image":"/assets/image/hd1.jpeg"
                        
       }
    ],
    "headset":[
        {
            "id":"i4", 
            "name":"WIRELESS HEADSET",
            "color":["Black,Gray,Blue"],
            "price":"$5,999",
            "pg":"Price",
            "description":"WIRELESS HEADSET || IOS 15 Gen || stereo audio playback || may be rechargeable, and communicate with a base station ||  ",
            "Image":"/assets/image/hd2.jpeg"
                  
        },
        {
            "id":"i5", 
            "name":"IWATCH SERIES 6",
            "color":["Black,Gray,Blue"],
            "price":"$2,550",
            "pg":"Price",
            "description":"iWATCH SERIES 6 || IOS 7th Gen S8 SiP || Powerful Sensors of IOS || 44mm or 40mm Aluminum case || Retina display up to 1000 nits",
            "Image":"/assets/image/iw7.jpg"
                  
        },
        {
            "id":"i6",
            "name":"IWATCH SERIES X8",
            "color":["Black,Gray,Blue"],
            "price":"$999",
            "pg":"Price",
            "description":"iWATCH SERIES X8 || IOS 8th Gen i8 SiP || 40mm Alloy case || High and low heart rate notifications || Lens display up to 1500px ",
            "Image":"/assets/image/iw10.jpg"
                    
        }
    ],
    "smartwatch":[
        {
            "id":"i7", 
            "name":"SAMSUNG SMART WATCH",
            "color":["Black,Gray,Blue"],
            "price":"$2,550",
            "pg":"Price",
            "description":" || OS 15 Gen  || Advanced health and fitness tracking || The wider Samsung Ecosystem.  ",
            "Image":"/assets/image/sw1.jpg"
                  
        },
        {
            "id":"i8",
            "name":"SAMSUNG SMART WATCH S9",
            "color":["Black,Gray,Blue"],
            "price":"$999",
            "pg":"Price",
            "description":" OS Gen 8th  || built-in GPS (Global Positioning Systems)  || Seamless integration || without worrying about frequent recharging ",
            "Image":"/assets/image/sw2.jpg"
                    
        }
    ],
    "airpod":[
        {
            "id":"i9", 
            "name":"AIRPOD GEN 7th",
            "color":["Black,Gray,Blue"],
            "price":"$2,550",
            "pg":"Price",
            "description":" IOS 7th Gen  || Dual beamforming microphones || More than 24 hours of listening time4 Up to 18 hours of talk time5 || with MagSafe Charging Case ",
            "Image":"/assets/image/apod1.jpeg"
                  
        },
        {
            "id":"i10",
            "name":"AIRPOD Pro",
            "color":["Black,Gray,Blue"],
            "price":"$999",
            "pg":"Price",
            "description":" H1 headphone chip || IOS 15 Gen || Dual optical sensors || MagSafe Charging Case || Play a song, make a call, or get directions",
            "Image":"/assets/image/apod2.jpeg"
                    
        }
    ]

}