{
    "iphone":[
        {
            "id":"iph5",
            "name":"iPHONE XS Max",
            "storage":"64GB,512GB,1TB",
            "color":["Black,Gray,Blue"],
            "pg":"From",
            "price":"$250",
            "description":"RAM 6GB || 64gb-512gb || IOS 12 Gen || Display- 6000mah || Camera-3000mpx  ",
            "Image":"/assets/image/iph28.jpeg",
            "bgimage":"/assets/image/applebg.png"
            
        },
        {
            "id":"iph3",
            "name":"iPHONE Pro",
            "storage":"64GB,512GB,1TB",
            "color":["Black,Gray,Blue"],
            "price":"$199",
            "pg":"From",
            "description":"RAM 8GB || 64gb-512gb || IOS 14 Gen || Display- 6000mah || Camera-4000mpx ",
            "Image":"/assets/image/iph26.png",
            "bgimage":"/assets/image/applebg.png"
                    
        },
        {
            "id":"iph12",
            "name":"iPHONE SEO",
            "storage":"64GB,512GB,1TB",
            "color":["Black,Gray,Blue"],
            "pg":"From",
            "price":"$125",
            "description":"RAM 6GB || 64gb-512gb || IOS 12 Gen || Display- 6000mah || Camera-3000mpx  ",
            "Image":"/assets/image/iph24.jpeg",
            "bgimage":"/assets/image/applebg.png"
            
        }
    ],
    "samsung":[
        {
            "id":"sam6",
            "name":"SAMSUNG A32s",
            "storage":"64GB || 128GB",
            "color":["BLACK || BLUE"],
            "pg":"From",
            "price":"$200",
            "description":"RAM || 64GB , 512GB || Android 16 Gen || Display- 4500mah || Camera-3000mpx Ai-featured  ",
            "Image":"/assets/image/sam23.jpeg",
            "bgimage":"/assets/image/samsungbg.png"
            
        },
        {
            "id":"sam10",
            "name":"SAMSUNG SA 9",
            "storage":"521GB || 1TB",
            "color":["GREEN || BLUE"],
            "pg":"From",
            "price":"$299",
            "description":"RAM || 64GB , 512GB || Android 21 Gen || Display- 5800mah || Camera-3000mpx Ai-featured  ",
            "Image":"/assets/image/sam21.jpeg",
            "bgimage":"/assets/image/samsungbg.png"   
        },
        {
            "id":"sam7",
            "name":"SAMSUNG S8",
            "storage":"128GB || 1TB",
            "color":["GREEN || BLUE"],
            "pg":"From",
            "price":"$175",
            "description":"RAM || 64GB , 512GB || Android 17 Gen || Display- 5500mah || Camera-3000mpx Ai-featured  ",
            "Image":"/assets/image/sam25.jpeg",
            "bgimage":"/assets/image/samsungbg.png"
        },
        {
            "id":"sam12",
            "name":"SAMSUNG ULTRA",
            "storage":"128GB || 1TB",
            "color":["GREEN || BLUE"],
            "pg":"From",
            "price":"$425",
            "description":"RAM || 64gb-512gb || Android 17 Gen || Display- 6000mah || Camera-3000mpx Ai-featured  ",
            "Image":"/assets/image/sam28.jpeg" ,
            "bgimage":"/assets/image/samsungbg.png"                   
        },
        {
            "id":"sam5",
            "name":"SAMSUNG NOTE 10 ",
            "storage":"128GB || 512GB",
            "color":["BLACK ||GREY"],
            "pg":"From",
            "price":"$525",
            "description":"RAM || 64GB , 512GB || Android 17 Gen || Display- 6000mah || Camera-3000mpx Ai-featured  ",
            "Image":"/assets/image/sam22.jpeg",
            "bgimage":"/assets/image/samsungbg.png"
        }
    ],
    "tecno":[
        {
            "id":"tec4",
            "name":"TECNO Pro 9",
            "storage":"32GB || 512TB",
            "color":["Cyan || Grey"],
            "pg":"From",
            "price":"$100",
            "description":" || Snapdragon Gen 11 || Display- 5000mph || Dual-shock Camera-3000mpx || Ai-featured  ",
            "Image":"/assets/image/tec4.jpeg",
            "bgimage":"/assets/image/tecnobg.png"
        },
        {
            "id":"tec6",
            "name":"TECNO SPARK X",
            "storage":"32GB || 64GB",
            "color":["White || Gery"],
            "pg":"From",
            "price":"$250",
            "description":"Processor T8 || Snapdragon Gen 15 || Display- 7000mph || Camera-3000mpx   ",
            "Image":"/assets/image/tec6.jpeg",
            "bgimage":"/assets/image/tecnobg.png"
        },
        {
            "id":"tec7",
            "name":"TECNO CAMON 20",
            "storage":"128GB || 1TB",
            "color":["Cyan || Grey"],
            "pg":"From",
            "price":"$199",
            "description":"Processor 5 RAM 8 || Snapdragon Gen 13 || Display- 6000mph || Camera-3900mpx  ",
            "Image":"/assets/image/tec7.jpeg",
            "bgimage":"/assets/image/tecnobg.png"
        }
    ]
}