{
    "NIKON" : [
    {
        "id":"c1",
        "name":"NIKON ULTRA 430",
        "color":"Black || Silver",
        "pg":"Price",
        "price":"$298,999",
        "description":"ISO 64-25600 || superb 45-megapixel images || Full-frame, 4K UHD video with 1 Year Official Warranty",
        "image":"/assets/image/c21.jpg"
    },
    {
        "id":"c2",
        "name":"NIKON D3200 N40",
        "color":"Black || Grey",
        "pg":"Price",
        "price":"$408,888",
        "description":"ISO 128-25000 || 9-fps High-speed || Captures 45-megapixel images || Fast Charging-2000mAh",
        "image":"/assets/image/ca18.jpg"
    },
    {
        "id":"c3",
        "name":"NIKON 3300 DSLR",
        "color":"Black",
        "pg":"Price",
        "price":"$288,799",
        "description":"ISO 32-30000 || Sufficiently long eye point || 5000mAh Battery with MB-D18 Multi-Power Battery Pack",
        "image":"/assets/image/c4.jpg"
    }
],


"CANON":[
    {
        "id":"c4",
        "name":"CANON 5700 DSLR",
        "color":"Grey",
        "pg":"Price",
        "price":"$137,799",
        "description":"ISO 51200 || 2359k-dot LCD monitor || Wi-Fi® and Bluetooth®",
        "image":"/assets/image/c5.jpg"
    },
    {
        "id":"c5",
        "name":"CANON 680 4k",
        "color":"Black",
        "pg":"Price",
        "price":"$186,999",
        "description":"ISO 100-51200 || 16.4 Display || Snap 13 - Octa Core9 || Eye-level pentaprism",
        "image":"/assets/image/c23.jpg"
    }
],

"SONY":[
    {
        "id":"c6",
        "name":"SONY ELITE 9",
        "color":"Blackish",
        "pg":"Price",
        "price":"$426,599",
        "description":"ISO 519 sync terminal || 15000mAh(typ) || Multi-CAM 20K autofocus sensor || Official Brand Warranty",
        "image":"/assets/image/c11.jpg"
    },
    {
        "id":"c7",
        "name":"SONY ALPHA 970",
        "color":"Grey-White",
        "pg":"Price",
        "price":"$327,899",
        "description":"ISO 100-1600 || Fine Zoom up to 6000 mm* angle ||  Dual Detect Optical VR || OFFICIAL BRAND WARRANTY",
        "image":"/assets/image/c12.jpg"
    },
    {
        "id":"c8",
        "name":"SONY PHANTOM DSLR",
        "color":"Grey",
        "pg":"Price",
        "price":"$269,999",
        "description":"ISO 51200 || - Mediatek Dimensity 9000+(4nm) || 4K UHD/30p || SnapBridge photo-sharing ",
        "image":"/assets/image/cam3.jpg"
    }
],

"GOPRO":[
    {
        "id":"c9",
        "name":"GoPro HERO 9",
        "color":"Black",
        "pg":"Price",
        "price":"$753,999",
        "description":"Mac Gopro series 6 ||IOS GEN 19 || Programmed auto exposure || 921k-dot vari-angle || year Mercantile Warranty",
        "image":"/assets/image/cg2.jpg"
    },
    {
        "id":"c10",
        "name":"GoPro ACTION 764",
        "color":"Blue || White-Grey",
        "pg":"Price",
        "price":"$214,999",
        "description":"Mac Air Plus OS || 4K movie recording || Microphone connector || (Official Warranty Mercantile)",
        "image":"/assets/image/c29.jpg"
    }
],

"DJI":[
    {
        "id":"c11",
        "name":"Dji Pro 8",
        "color":"Black || Grey ",
        "pg":"Price",
        "price":"$134,999",
        "description":"lenovo Thinkpad 8 Pro  OS || Bluetooth & Wifi || OLED viewfinder with eye sensor || 250x Dynamic Fine Zoom",
        "image":"/assets/image/c34.jpg"
    },
    {
        "id":"c12",
        "name":"Dji T54",
        "color":"Grey",
        "pg":"Price",
        "price":"$367,999",
        "description":"lenovo T470 Snapcore 8 || Processor RTX4 || 390x lens || SnapBridge photo-sharing with Bluetooth & Wifi ",
        "image":"/assets/image/c35.jpg"
    }
    
]
}