{
    "DELL" : [
        {
            "id":"lap1",
            "name":"DELL LATITIUDE",
            "color":["Blue || Grey"],
            "pg":"Price",
            "price":"$298,999",
            "description":"DELL latitude i9-13700H Core Processor || 6.78 Display || Fast Performances 15000 mAh with 1 Year Official Warranty",
            "image":"/assets/image/lap1.jpeg"
        },
        {
            "id":"lap2",
            "name":"DELL XPS 17",
            "color":["Black || Blue"],
            "pg":"Price",
            "price":"$408,888",
            "description":"DELL Ultra i5-Core Processor || 15.6-Inch laptop with 100% Adobe RGB color || FHD HDR camera options|| 15000mAh Fast Processing Machine ",
            "image":"/assets/image/lap2.jpeg"
        },
        {
            "id":"lap3",
            "name":"DELL INSPIRON 14 ",
            "color":["Grey || White"],
            "pg":"Price",
            "price":"$288,799",
            "description":" A 14 laptop || Power of 13th Gen || Intel® Core™ processor Slim Design || AI-capable Core || 5000mAh Battery",
            "image":"/assets/image/lap3.jpeg"
        }
    ],
    
    "HP":[
        {
            "id":"lap4",
            "name":"Hp ELITE BOOK",
            "color":["Blue || Grey"],
            "pg":"Price",
            "price":"$137,799",
            "description":"Elite Core i9-13700H || 15.6 diagonal FHD display || NVIDIA RTX™ A1000 || 64 GB memory; 1 TB SSD storage || OFFICIAL BRAND WARRANTY",
            "image":"/assets/image/lap11.jpg"
        },
        {
            "id":"lap5",
            "name":"Hp 250 G7 NOTEBOOK",
            "color":["Black || Blue"],
            "pg":"Price",
            "price":"$186,999",
            "description":"Intel® Core™ i7-1255U || Turbo Boost Technology || 32 GB memory; 1 TB SSD || Intel® Iris® Xᵉ Graphics",
            "image":"/assets/image/lap5.jpeg"
        }
    ],
    
    "ITEL":[
        {
            "id":"lap6",
            "name":" iTEL ELITE 9 GEN",
            "color":["Blue || Grey"],
            "pg":"Price",
            "price":"$426,599",
            "description":"Elite i5-13700H Intel Core Ultra || 17-inch laptop  || RAM 8 || 10th Gen || 15000mpx Official Brand Warranty",
            "image":"/assets/image/lap18.jpg"
        },
        {
            "id":"lap7",
            "name":"iTEL 570 ",
            "color":["Black || Blue"],
            "pg":"Price",
            "price":"$327,899",
            "description":" Performance and Mobility in a 14.5-inch form ||Intel® Core™ Ultra Processors with AI Boost || NVIDIA® graphics 4050  || 15000mpx OFFICIAL BRAND WARRANTY",
            "image":"/assets/image/lap9.jpeg"
        },
        {
            "id":"lap8",
            "name":"iTEL PHANTOM 5",
            "color":["Grey || White"],
            "pg":"Price",
            "price":"$269,999",
            "description":"Core i7-13700H Processor || NVIDIA RTX ™ 4070 graphics ||  AI-capable Core || Mediatek Dimensity 9000+(4nm) - 17.85 Display - 15000 mAh",
            "image":"/assets/image/lap19.jpg"
        }
    ],
    
    "MACBOOK":[
        {
            "id":"lap9",
            "name":"MACBOOK Pro SERIES",
            "color":["Blue || Grey"],
            "pg":"Price",
            "price":"$753,999",
            "description":"Macbook IOS-13700H || Turbo Boost Technology OS || M3 chip || Apple official 1 year || Mercantile system",
            "image":"/assets/image/lap17.jpg"
        },
        {
            "id":"lap10",
            "name":"MACBOOK AIR Pro",
            "color":["Black || Blue"],
            "pg":"Price",
            "price":"$214,999",
            "description":"Mac-IOS-13700H Pro || Incredible AI Performance of the Neural Engine || A Battery that Goes All Day || (Official Warranty Mercantile)",
            "image":"/assets/image/lap10.jpeg"
        }
    ],
    
    "LENOVO":[
        {
            "id":"lap11",
            "name":"lenovo Thinkpad 8",
            "color":["Blue || Grey"],
            "pg":"Price",
            "price":"$134,999",
            "description":"lenovo Thinkpad 8 AI-capable Core || RTX ™ 4070 graphics || 16.53 Inches IPS Display || 15000 mAh Battery",
            "image":"/assets/image/lap8.jpeg"
        },
        {
            "id":"lap12",
            "name":"DELL T470 CORE i7 ",
            "color":["Black || Blue"],
            "pg":"Price",
            "price":"$367,999",
            "description":"lenovo T470 core 7  || Neural Engine 9 || Turbo Boost Technology Core || 5000mAh Battery",
            "image":"/assets/image/lap12.jpg"
        }
    ]
    }