{
    "iphone":[
        {
            "id":"iph1", 
            "name":"iPHONE 13 Pro Max",
            "storage":"64GB,512GB,1TB",
            "color":["Black,Gray,Blue"],
            "price":"$5,999",
            "description":" || IOS 15 Gen || Display 60HZ , 90HZ , 120HZ",
            "Image":"/assets/image/iph25.jpeg",
            "bgimage":"/assets/image/applebg.png"
        },
        {
            "id":"iph2", 
            "name":"iPHONE 14 P",
            "storage":"64GB,512GB,1TB",
            "color":["Black,Gray,Blue"],
            "price":"$2,550",
            "description":"|| IOS 13 Gen || Display- 60HZ , 90HZ , 120HZ",
            "Image":"/assets/image/iph23.jpeg",
            "bgimage":"/assets/image/applebg.png"   
        },
        {
            "id":"iph3",
            "name":"iPHONE 14 Pro",
            "storage":"64GB,512GB,1TB",
            "color":["Black,Gray,Blue"],
            "price":"$999",
            "description":" || IOS 14 Gen || Display- 60HZ , 90HZ , 120HZ",
            "Image":"/assets/image/iph26.png",
            "bgimage":"/assets/image/applebg.png"
                    
        },
        {
            "id":"iph4",
            "name":"iPHONE 13 Max",
            "storage":"64GB,512GB,1TB",
            "color":["Black,Gray,Blue"],
            "price":"$999",
            "description":" || IOS 13 Gen || Display- 60HZ , 90HZ , 120HZ ",
            "Image":"/assets/image/iph4.webp",
            "bgimage":"/assets/image/applebg.png"
        }       
        
    
    ],
    "tecno":[
        {
            "id":"tec1",
            "name":"TECNO SPARK",
            "storage":"512GB || 1TB",
            "color":["Cyan || White"],
            "price":"$2,550",
            "description":" || Snapdragon Gen 13 || Display- 60HZ , 90HZ , 120HZ ||",
            "Image":"/assets/image/tec1.jpeg",
            "bgimage":"/assets/image/tecnobg.png"
        },
        {
            "id":"tec2",
            "name":"TECNO HOT 12",
            "storage":"64GB || 128GB",
            "color":["Black || Blue"],
            "price":"$2,999",
            "description":" || Snapdragon Gen 10 || Display- 60HZ , 90HZ , 120HZ ||",
            "Image":"/assets/image/tec2.jpeg",
            "bgimage":"/assets/image/tecnobg.png"
        },
        {
            "id":"tec3",
            "name":"TECNO POVA 5",
            "storage":"32GB || 64GB",
            "color":["White || Gery"],
            "price":"$4,850",
            "description":" || Snapdragon Gen 13 || Display- 60HZ , 90HZ , 120HZ ||",
            "Image":"/assets/image/tec10.jpeg",
            "bgimage":"/assets/image/tecnobg.png"
        },
        {
            "id":"tec4",
            "name":"TECHNO SPARK 20",
            "storage":"",
            "color":["White || Gery"],
            "price":"$200",
            "description":"|| HELIO G99 CHIPSET || DISPLAY- 60HZ , 90HZ , 120HZ",
            "Image":"/assets/image/tec12.jpeg",
            "bgimage":"/assets/image/tecnobg.png"
        }
    ],
    "samsung":[
        {
            "id":"sam1",
            "name":"SAMSUNG S 22 ultra",
            "storage":"128GB || 1TB",
            "color":["BLACK ||GREY "],
            "price":"$5,999",
            "description":"RAM || 64GB , 512GB || Android 22 Gen || Display- 6000mah || Camera-3800mpx Ai-featured  ",
            "Image":"/assets/image/sam29.jpeg",
            "bgimage":"/assets/image/samsungbg.png"
        },
        {
            "id":"sam2",
            "name":"SAMSUNG S 21",
            "storage":"128GB || 1TB",
            "color":["GREEN || BLUE"],
            "price":"$2,550",
            "description":"RAM || 64GB , 1TBGB| Android 20 Gen || Display- 5000mah || Camera-3000mpx Ai-featured  ",
            "Image":"/assets/image/sam28.jpeg",
            "bgimage":"/assets/image/samsungbg.png"
        },
        {
            "id":"sam3",
            "name":"SAMSUNG A54",
            "storage":"128GB || 1TB",
            "color":["BLACK || BLUE"],
            "price":"$1,000",
            "description":"RAM || 64GB , 512GB || Android 21 Gen || Display- 5500mah || Camera-3000mpx Ai-featured  ",
            "Image":"/assets/image/sam27.jpeg",
            "bgimage":"/assets/image/samsungbg.png"
        },
        {
            "id":"sam4",
            "name":"SAMSUNG NOTE 9",
            "storage":"512GB || 1TB",
            "color":["GREEN || BLUE"],
            "price":"$2,999",
            "description":"RAM || 64GB , 512GB || Android 19 Gen || Display- 5000mah || Camera-3000mpx Ai-featured  ",
            "Image":"/assets/image/sam20.jpeg",
            "bgimage":"/assets/image/samsungbg.png"
        }
    ],

    "infinix":[
        {
           " id":"f2",
            "name":"INFINIX SPARK",
            "storage":"32GB-1TB",
           " color":["White || Grey"],
            "price":"$2,999",
            "description":" || 64GB , 1TB || Android 15 Gen || Display-55000 || Camera-3000mpx Ai-featured  ",
            "Image":"/assets/image/inf1.jpeg",
            "bgimage":"/assets/image/infinixbg.jpg"
        },
        {
           " id":"f3",
            "name":"INFINIX QUANTUM",
            "storage":"32GB-1TB",
           " color":["Blue || Grey"],
            "price":"$900",
            "description":" || 64gb-512gb || Android 11 Gen || Display-6000 || Camera-3000mpx Ai-featured  ",
            "Image":"/assets/image/inf2.jpeg",
            "bgimage":"/assets/image/infinixbg.jpg"  
        },
        {
           " id":"f4",
            "name":"infinix  X555",
            "storage":"32GB-1TB",
           " color":[""],
            "price":"$2,999",
            "description":" || 64gb-512gb || Android 12 Gen || Display-4900 || Camera-3000mpx Ai-featured  ",
            "Image":"/assets/image/inf3.jpeg",
            "bgimage":"/assets/image/infinixbg.jpg"
        }
    ]
   
}