{
    "iphone":[
        {
            "id":"iph1", 
            "name":"IPHONE 15 Pro Max",
            "storage":"512GB,1TB",
            "color":["Black,Gray,White"],
            "price":"$5,999",
            "pg":"Price",
            "description":" RAM 8GB || 512GB , 1TB || IOS 15 Gen || Display- 6500mah || Camera-3000mpx ",
            "Image":"/assets/image/iph4.webp",
            "bgimage":"/assets/image/bgapple.jpeg"
        },
        {
            "id":"iph4",
            "name":"IPHONE 13 Max",
            "storage":"64GB,512GB",
            "color":["Gray,Blue"],
            "price":"$1980",
            "pg":"Price",
            "description":"RAM 6GB || 64GB-512GB || IOS 13 Gen || Display- 6000mah || Camera-5000mpx ",
            "Image":"/assets/image/iph25.jpeg",
            "bgimage":"/assets/image/bgapple.jpeg"
        },
        {
            "id":"iph6",
            "name":"iPHONE 14 Pro ",
            "storage":"64GB,512GB,1TB",
            "color":["Black,Gray,Blue"],
            "price":"$5,999",
            "pg":"From",
            "description":"RAM 6GB || 64gb-512gb || IOS 13 Gen || Display- 6000mah || Camera-3500mpx ",
            "Image":"/assets/image/iph29.jpeg",
            "bgimage":"/assets/image/applebg.png"
                    
        },
        {
            "id":"iph8",
            "name":"iPHONE 12",
            "storage":"64GB,512GB,1TB",
            "color":["Black,Gray,Blue"],
            "pg":"From",
            "price":"$2,550",
            "description":"RAM 8GB || 64gb-512gb || IOS 12 Gen || Display- 6000mah || Camera-5000mpx  ",
            "Image":"/assets/image/iph22.jpeg",
            "bgimage":"/assets/image/applebg.png"
            
        }
    ],
    "samsung":[
        {
            "id":"sam2",
            "name":"SAMSUNG S 21",
            "storage":"128GB || 1TB",
            "color":["GREEN || BLUE"],
            "pg":"Price",
            "price":"$2,550",
            "description":"RAM || 64GB , 1TBGB| Android 20 Gen || Display- 5000mah || Camera-3000mpx Ai-featured  ",
            "Image":"/assets/image/sam28.jpeg",
            "bgimage":"/assets/image/samsungbg.png"
        },
        {
            "id":"sam4",
            "name":"SAMSUNG A55",
            "storage":"512GB || 1TB",
            "color":["GREEN || BLUE"],
            "pg":"Price",
            "price":"$2,999",
            "description":"RAM || 64GB , 512GB || Android 19 Gen || Display- 5000mah || Camera-3000mpx Ai-featured  ",
            "Image":"/assets/image/sam26.jpeg",
            "bgimage":"/assets/image/samsungbg.png"
            
        },
        {
            "id":"sam6",
            "name":"SAMSUNG A32s",
            "storage":"64GB || 128GB",
            "color":["BLACK || BLUE"],
            "pg":"From",
            "price":"$900",
            "description":"RAM || 64GB , 512GB || Android 16 Gen || Display- 4500mah || Camera-3000mpx Ai-featured  ",
            "Image":"/assets/image/sam23.jpeg",
            "bgimage":"/assets/image/samsungbg.png"
            
        },
        {
            "id":"sam3",
            "name":"SAMSUNG A37",
            "storage":"128GB || 1TB",
            "color":["BLACK || BLUE"],
            "pg":"Price",
            "price":"$1,000",
            "description":"RAM || 64GB , 512GB || Android 21 Gen || Display- 5500mah || Camera-3000mpx Ai-featured  ",
            "Image":"/assets/image/sam27.jpeg",
            "bgimage":"/assets/image/samsungbg.png"
            
        }
    ],
    "tecno":[
        {
            "id":"tec3",
            "name":"TECNO POVA 5",
            "storage":"32GB || 64GB",
            "color":["White || Gery"],
            "pg":"Price",
            "price":"$4,850",
            "description":" || Snapdragon Gen 13 || Display- 6000mph || Camera-4000mpx   ",
            "Image":"/assets/image/tec10.jpeg",
            "bgimage":"/assets/image/tecnobg.png"
            
        },
        {
            "id":"tec1",
            "name":"TECNO SPARK",
            "storage":"512GB || 1TB",
            "color":["Cyan || White"],
            "pg":"Price",
            "price":"$2,550",
            "description":"Techno 64gb-512gb || Snapdragon Gen 13 || Display- 6000mph || Dual-Camera-3000mpx || Ai-featured  ",
            "Image":"/assets/image/tec1.jpeg",
            "bgimage":"/assets/image/tecnobg.png"
            
        },
        {
            "id":"tec5",
            "name":"TECNO CAMON 6",
            "storage":"32GB || 128GB",
            "color":["Black || Blue"],
            "pg":"From",
            "price":"$900",
            "description":"Processor T6 || Snapdragon Gen 13 || Display- 6000mph || Camera-4500mpx || Ai-featured  ",
            "Image":"/assets/image/tec5.jpeg",
            "bgimage":"/assets/image/tecnobg.png"
            
        }
    ]
}    
